listing_id,id,date,reviewer_id,reviewer_name,comments,rev_len,n_words,lang
657945772316259432,989885559019012944,2023-09-27,36069424,Kerstin,shanti ist eine tolle gastgeberin und das zimmerausstattung war genau wie beschrieben wir haben uns sehr wohl gefühlt vielen dank,129,20,de
860909296421311500,984041978992539803,2023-09-19,529228307,Melvin,me gusto la ubicación y el área muy bonita,42,9,es
51241506,963811800762168079,2023-08-22,230423969,시내,호스트분이 너무 친절하세요 무엇보다 위치가 좋아서 마음에 드는 곳입니다 ,40,10,ja
6124097,892056385515581736,2023-05-15,145479157,Etienne,superbe séjour dans ce quartier agréable et animé le logement était suffisamment spacieux pour trois personnes il était propre et fonctionnel chelsea était pour nous le point de jonction parfait entre tous les lieux de new york que nous souhaitions visiter le métro à 50m de lappartement était clairement un luxe brdimitri était très réactif à nos différents échanges et de surcroît très sympathique brau plaisir de séjourner à nouveau chez lui ,445,73,fr
51619634,844971834134310385,2023-03-11,102690423,Lidia,el apartamento es pequeño y muy funcionallo primordial para una estadía en ny,77,13,es
45710731,1001432235642535343,2023-10-13,28608832,Sophie,die lage ist sehr zentral brdie türen sind zwar sehr dünn insgesamt war es jedoch immer ruhig in der wohnung brdie wohnung könnte etwas sauberer sein z b der vorhang auch die küchenfronten hätten sauberer sein können insgesamt war die wohnung aber recht sauberbrdas treppenhaus ist sehr sauberbrdas bett ist sehr alt und laut brdie wohnung ist wirklich sehr klein und dunkel brwas gestört hat war ein unangekündigter besuch zu beginn des aufenthalts zur durchführung von wartungsarbeiten nach der beschwerde hierüber wurden besuche angekündigtbrdie dusche lief nicht immer von selbst ab das badezimmer ist vergleichsweise großbrdie kommunikation verlief immer sehr schnell und professionellbrinsgesamt für einen aufenthalt von wenigen wochenmonaten geeignet,757,110,de
4365276,978338009671107513,2023-09-11,84766965,Boyan,mit amanda haben wir eine tolle smsunterhaltung mit vielen hilfreichen tipps die komunikation war ausgezeichnet auch die lage ist eher günstig ansonsten bitte 9,160,24,de
601690867947727847,929026636675692715,2023-07-05,148113952,Laurencio,excelente anfitriona,20,2,sw
804468188565214896,905798402679916498,2023-06-03,185200156,Baron,ok,2,1,sw
53868587,921799537118510514,2023-06-25,425460492,Renata,ótima localização ficamos a vontade na hospedagem jane muito simpática,70,10,pt
713834359204438567,998582079738532851,2023-10-09,128671750,성민,이 숙소는 엘레베이터가 없다br체크인 시 바닥에 쓰레기와 먼지가 많아 내가 청소기를 돌렸다br수건과 침대에서 상당한 악취가 났습니다br너무 추워서 난방장치를 틀었는데 악취가 났다br짐 보관과 호텔 드롭이 가능하다고 했으나 마지막날 갑자기 안된다는 통보를 받았다br추천하지 않는다,155,32,ja
6662967,1003655108923779912,2023-10-16,131439409,Blanca,alojamiento impecable con muy buena comunicación y servicios la casa esta cuidada y decorada al detalle cama muy cómoda ducha con presión etc alfredo es un anfitrión muy acogedor atento con buenos tips y siempre disponible te hace sentir en casabrnosotros ademas convivimos con su perrita oreo q es muy obediente y cariñosa y con sus niños los cuales son tan amables como el padrebrrecomendamos este alojamiento por su comodidad y situación,440,72,es
660679787049260741,908711550123406756,2023-06-07,492440651,철무,아주 깨끗하고 훌륭한 숙소 였습니다,19,5,ja
50822826,831219477599284652,2023-02-20,165618443,Giselle,alojamiento totalmente recomendable en anfitrión estuvo siempre pendiente a nuestras necesidades y consultas y la estadía fue como estar en casa impecable y con todas las comodidades que se anuncian tal cual se muestra en la foto en cuanto a la ubicación si bien está lejos del centro el metro está a sólo 3 minutos caminando sin duda es un alojamiento al cual volvería,369,64,es
726532496611209411,997086694908156332,2023-10-07,74980190,Natalia,mieszkanie miało bardzo dobrą lokalizację,41,5,pl
873916511344650748,1007310898025252252,2023-10-21,514898383,Ching Wen,房子整潔床很好睡廚房提供的用品也非常完善andreas 很細心提供了所有可能會用到的東西例如雨傘各種杯盤調味料等讓人有家的感覺若再來到紐約會再回住謝謝andreas 提供如此美好的地方,92,3,zh
476983,876783315600263233,2023-04-24,118649826,Juliette,logement extrêmement propre literie de qualité on a dormi comme des bébés lappartement est très calme le rapport qualité prix est super,135,22,fr
42620528,992846527505564318,2023-10-01,144545031,Helen,tolle unterkunft mit super ubahn anbindung direkt neben der ubahn station ist ein supermarkt wir haben uns in der gegend sicher gefühlt mark war ein toller gastgeber der während des urlaubs auch gut erreichbar und hilfreich war,227,37,de
48182605,1018964009140910230,2023-11-06,49537212,Manuel,einfacher checkin preis leistung sehr gut,41,6,de
724986699109722300,998575343923494766,2023-10-09,9924645,Valerie,le logement de steven est grand bien situé stationnement facile dans la rue quartier sécuritaire et transport en commun super accessible pour aller à nybrles lits sont confortables brles points négatifs steven ne répond pas il nécrit que des messages enregistrésbrle dernier jour nous avons vu une mega coquerelle dans lappartementbrla vaisselle était sale dans larmoirebrje recommande quand même mais jaimais mieux être honnête,428,64,fr
19314589,967464043720826060,2023-08-27,500698324,Anne-Lise,un nid à newyork,16,4,fr
681340518773187020,895657406587802726,2023-05-20,501674930,Cecilio,muy buena,9,2,es
882800080322962362,995653037954778232,2023-10-05,505702232,Tatiana,suncerae es una persona muy amable y atenta con todo lo que le preguntamos y si necesitábamos algo para el apartamento el lugar es tal cual se muestra en las fotos la ubicación es muy buena con supermercados paradas de bus y metro a menos de 3 minutos está en una zona muy tranquila sin duda lo recomiendo para otros viajeros,325,61,es
636750580304250017,942523591935107580,2023-07-24,71927289,Emilie,leandra à ère un hôte très agréable et à toujours répondu rapidement nous sommes arrivés tard et notre entrée autonome sest déroulée sans problème a notre arrivée musique douce dambiance très accueillante mais dès le lendemain nous avons remarqué de nombreux cafards dans la cuisine et la salle de bain la cuisine est sale jétais en vacances seul avec mon fils le quartier est très populaire et on ne sy sent pas du tout en sécurité toute la nuit sirènes de police et police posté à tous les coins de rue aucun touriste dans ce quartier il est dangereux de rentrer la nuit à pied du métro nous avons contacté airbnb au bout de 24h pour quitter le logement et être relogé leandra à été très compréhensive je ne recommande pas ce logement pour des vacances il est très loin de manatthan dans un quartier mal famé et la présence de cafards rajoute au tableau négatif,863,156,fr
53607569,854308799049850275,2023-03-24,505583490,Kevin,ideal para turistear cerca a manhattan tenía todo cerca y el precio me pareció justo,84,15,es
24821651,795688553076753071,2023-01-02,169712512,Sedona,yero war ein sehr freundlicher gastgeber der schnell auf nachrichten antwortete uns ein flexibles ein und auschecken ermöglichte und sein bestes gab um unsere wünsche zu erfüllenbrdas zimmer sowie die ganze wohnung waren in ordnung es ist kein 5sternehotel und das soll es ja auch nicht sein wir waren nur zum schlafen dort und dafür war es völlig ausreichend die wohnung liegt in der bronx etwa 1 stunde mit der bahn vom stadtzentrum in manhattan entfernt uns hat es nicht gestört allerdings hat man sich nachts auf dem weg zurück von der bahn doch etwas unsicher gefühlt und ich würde nicht empfehlen nachts allein durch diese gegend zu laufen brals deutsche hatte ich nach der ersten nacht das dringende bedürfnis zu lüften allerdings konnte ich nicht herausfinden wie man die fenster öffnet sodass der raum während unserer zeit dort einen leicht unangenehmen geruch entwickeltebralles in allem hatten wir einen angenehmen aufenthalt,936,151,de
5519207,907231614861281513,2023-06-05,495402283,Danny,heel goede prijskwaliteitlocatie verhouding gelijkvloerse kamer is zeer ruim 2 grote bedden genoeg kastruimte goed functionerende airco is aanwezig volledig uitgeruste keuken jesse informeert je heel goed met duidelijke instructies erg behulpzaam een superhost dus,264,35,nl
2209835,839935684889223344,2023-03-04,39463889,Georgia,sehr angenehme unterkunft claudia und ihr mann sind tolle gastgeberbrein bisschen kalt war es leider im schlafzimmer aber wenn man kein problem hat mit durchlaufendem heizlüfter sollte das kein problem seinbrsehr gute lage mit alle notwendigen dingen in der nähe,262,40,de
815228833904226428,861553380824427772,2023-04-03,499602551,Olga,спасибо за гостеприимство было чисто и уютно,44,7,ru
15844782,797825367056184240,2023-01-05,110612303,Ilaria,lalloggio si trova in una buona posizione sia per i servizi come supermercato e ristoranti che per la metropolitanabrla casa dispone di tutti gli elettrodomestici necessari e del cambio asciugamanilenzuola purtroppo io ho trovato queste ultime macchiate e in generale la biancheria non era molto ordinatabrle dimensioni del letto non consentono a due persone di dormire comodamente inoltre il materasso è composto da due materassini messi uno sopra laltro che risultano molto scomodibril disagio maggiore è stato causato dal rumore lalloggio si trova sotto labitazione dellhost e comprende anche una parte dellabitazione sotto che è diviso da una semplice porta purtroppo il semplice camminare o salire le scale provoca dei forti rimbombi sopra le nostre teste siamo stati svegliati alle 645 della mattina dal rumore di pallone lanciato in casa e abbiamo dovuto far notare il disturbo che stavano provocando alle 2345 di serabrin generale lesperienza è stata discreta,967,149,it
51826933,835515315100058062,2023-02-26,369973842,Natalia,lapartament de la lianet és com surt a les fotografies és molt ampli molt net i per nosaltres que anàvem amb dos nens petits molt còmode la localització és molt bona davant literalment de central park i a dos minuts caminant duna estació de metro,246,45,es
44893832,820270960161849011,2023-02-05,467085490,Maria Esthela,accesible limpio buena ubicación se adaptan para que te sientas más cómodo nunca te molestan a lo que me pareció agradable,122,21,es
22944348,1010917593717121372,2023-10-26,45809409,Delafontaine,excellent emplacement pour visiter new yorkbrrue assez tranquille une chambre donne sur la rue lautre en face dun voisin le logement est bien équipé un nettoyage plus intensif serait apprécié salle de bain poussière,215,34,fr
680442938388437436,839854701160372062,2023-03-04,456013334,Sina,leo hat eine sehr angenehme art mit seinen gästen umzugehen er achtet auf persönliche bedürfnisse wie arbeitszeiten etc er achtet darauf dass die wohnung immer sauber ist und evenutelle andere gäste nachts ruhig sind,216,34,de
745647050744624708,823217804798812106,2023-02-09,498307223,Yereida,la habitacion muy comoda hospitalidad muy buena,47,7,es
10709249,887690083421000216,2023-05-09,495971861,Joëlle,logement correspondant à lannoncebrdans une rue calme et station de métro à proximitébrje le conseillerais pour 4 adultes et non 5 lit dappoint et 4 chaises brmerci à sandrine pour ses bonnes adresses,200,33,fr
754338946918398097,992120258586848375,2023-09-30,127434102,Francisco,muy buena estancia pamella es una gran anfitriona seguramente volveré,69,10,es
37446470,910898194785733030,2023-06-10,141348135,María Andrea,el lugar es justo como se muestra en las fotos amplio para un grupo grande y con 2 baños estábamos cómodos la zona no se ve tan segura y mas si llegas de noche pero ya era algo que teníamos en cuenta de igual forma nunca ocurrió nada recomiendo hospedarse aquí,260,51,es
47874401,865210057170367497,2023-04-08,498911739,Katalina,nos pareció excelente muy amable don josé todo estuvo espléndido muchas gracias,79,12,es
46280898,813024827742078176,2023-01-26,7084224,Sandra,nur zu empfehlen das preis leistung verhältnis war super,56,9,de
766064842518858109,1002930017256293325,2023-10-15,114777795,Vera,die unterkunft war unpersönlich und ähnlich zu einem hostel die lage ist jedoch sehr ruhig und gut mit der subway erreichbar,124,21,de
694387559588416753,846434307711287268,2023-03-13,408697269,Celina,genau wie beschrieben hat mir sehr gut gefallen lediglich der lärm der mitbewohner war nachts störend,101,16,de
36239568,836316523651522513,2023-02-27,271517388,Sana,nous avons passé une excellente semaine à new york lhôtel a fait de notre expérience un vrai rêve le confort de la chambre était réellement incroyable et cétait un plaisir de rentrer chaque soir pour se reposer dans un lit très confortable et les draps et serviettes ont été changés tous les 2 jours lemplacement bien que nétant pas le meilleur de new york était parfait pour un premier séjour car très proche de toutes commodités il est très facile de se rendre nimporte où dans la ville à partir de lhôtel le personnel était au top très accueillant et serviable aucun reproche à faire à lhôtel nous reviendrions peutêtre pour un prochain séjour merci pour votre accueil ,672,119,fr
57166,966691136455836847,2023-08-26,225098686,Reynieri,excelente localización lugar agradable privado y vasili atento a responder cualquier pregunta hizo que nuestro viaje a ny fuera perfecto el apartamento está a 6 cuadras de la estación de tren y además a unos pasos de la estación de bus gracias vasili,250,43,es
54029520,950782692789224865,2023-08-04,257044688,Mathilde,très bon séjour à brooklyn le logement de jason était acceuillant et convenait parfaitement pour un court séjour nous navons pas du tout été dérangée par le bruit très bon rapport qualitéprix le logement est également trés bien situé et on peut se rendre à manhattan très facilement par le métro jason a été très gentil et arrangeant avec les valises,350,61,fr
50976699,794929970961958664,2023-01-01,180565984,Kar,buen lugar queda muy cerca del metro y cerca de muchas atracciones precio accesible con tol lo necesario para pasar unos días,125,22,es
687131824284808763,950736187567911117,2023-08-04,200112054,Emma,super appartement quartier calme et vivant brnous reviendrons pour sur brmerci,78,11,fr
47412929,1005885874902766517,2023-10-19,50020697,Hong,交通方便房间干净如果厨房的东西配置更齐全一点就好了自己做饭有点不方便,34,1,zh
45413193,839172047495854077,2023-03-03,482381559,Julie,echt een top week gehad in ny het cebtrum van ny is heel goed en snel berijdbaar vanaf fe airbnb host is super lief en geeft veel leuke tips wij hadden vaak de keuken gebruikt maar hadden totaal geen last dat die werd gedeeld we hadden alles wat we nodig hadden vooree goed verblijf ik kom graag nog een keer terug en zou het ook zeker aanraden,344,67,nl
3458525,913097726408344782,2023-06-13,34919675,Johanna,lapppartement de natasha était très propre très bien arrangé et les instructions quelle nous a donné à lavance étaient claires nous avons trouvé ladresse les clés très facilement brlappartement est en sous sol cest un peu déroutant quand on arrive même si cest indiqué dans lannonce mais dans la mesure où nous étions quasiment tout le temps dehors cela ne nous a pas dérangébrle quartier harlem est vraiment tres populaire la rue est paisible parfois un peu sales nous avons croisé quelques rats mais pas plus ou ni moins que certaines grandes villes européennes que nous avons déjà visité lappartement est à seulement 5min à pied du métro de la 135eme avenue qui peut vous amener en 15minutes à times square de plus avec le pass métro de 7j a 30 cétait très pratique nous navons pris le taxi seulement pour aller a laéroportbrnatasha merci encore ,849,147,fr
614481973721072614,969648167625553554,2023-08-30,269470754,Maria Andrea,chis nos recibió con mucha alegría 7 horas antes del checkin porque nuestro vuelo llegaba tempranobrel alojamiento estaba muy limpio y completo además de los elementos de perfumería en el baño nos dejó frutas y algunas bebidas en la heladera un día de lluvia nos alcanzó un paraguas gigante brel barrio tranquilo todos los días tomamos el subte a pocas cuadras y nos llevaba a cualquier lado con la combinación adecuadabrestamos más que satisfechos con la estadía y la atención de chris si volvemos a esta hermosa ciudad nos alojaremos sin dudar en este apartamento,565,95,es
635301868080561725,933369618296768292,2023-07-11,6661990,Ines,appartement très grand lumineux bien meublé et bien décoré bien équipé beaucoup de petits extras la propreté pourrait être améliorée un peu de poussière besoin dun coup de balais mais autrement lhôte était très aidante elle répondait rapidement à quelques coins de rue du metro très pratique pour aller à manhattan et dans brooklyn chambres spacieuses et bien équipées accès à un espace extérieur très calme la nuit stationnement facile dans la rue internet haute vitesse,471,76,fr
700888293266225258,876860034563799387,2023-04-24,426033380,Henrry Mauricio,muy céntrico,12,2,es
50976699,858025189845373186,2023-03-29,505366367,Yuki,私は初めてのairbnbを利用しましたbrraquelさんはいつも返答が早く正確でしたbr私はニューヨークに行くことが初めてでまた私は英語ができないですがraquelさんはとても親切に対応してくれて楽しい旅行を過ごすことができましたお部屋はとてもくつろぐことができよく休むことができましたbr次回もぜひ利用させて欲しいですbrエレベーターがない建物のためスーツケースを小さいものもしくはリュックにしたほうがいい,205,1,ja
27430644,1023258125835875871,2023-11-12,456255344,Borys,все ок,6,2,ru
343276,1016680829139231556,2023-11-03,222236023,Shirley,perfecto para nuestra estadía de una semana camas cómodas todo muy limpio y en buen estado jesse fue muy amable al ofrecer apoyo con el equipaje ya que hay que subir 3 niveles para llegar al apartamento,202,37,es
38379068,910152105450040492,2023-06-09,450143459,Evelyne,excellent accueil chez stéphanie le fait quelle soit française nous a facilité le dialogue nétant pas bilingue nous mêmesbrle métro à quelques centaines de mètres est un plus pour se déplacer sur tout manhattanbrle quartier est paisible à quelques mètres de central parkbrsi nous revenons à newyork ce sera chez stéphanie,321,51,fr
760316567719628232,976160831691448403,2023-09-08,31933351,Gabriel,cétait très bien,16,3,fr
667316357375615620,971727949283728980,2023-09-02,256671602,Estefy,buena opción para un viaje de turismo a ny justo al inicio de chinatown y little italy 15 min caminando hacia el 911 memorial justo a un costado del metro braunque no incluye desayuno hay café y pequeños snacks gratis por la mañana brcuidan mucho el medio ambiente por lo cual el cambio de toallas y limpieza se debe de pedir pero el hotel está en muy buenas condicionesbrruido en la calle es ny la ciudad que nunca duerme,422,79,es
52128553,818910140691798175,2023-02-03,129827689,Linda,nous avons passé une semaine dans le logement de trey tout sest super bien passé le logement est impeccable super bien équipé il dispose de tout ce dont on a besoin trey nous avait même laissé des capsules de café et dautres produits de première nécessité très réactif aux messages et très attentionné nous recommandons ce logement à 100 brmerci encore ,353,62,fr
17347938,1022569662030684534,2023-11-11,410518655,Andres,el apartamento tiene muy buena ubicación en la misma calle tienes una boca de metro con la línea r que te lleva desde el apartamento al centro de manhattan entre 20 a 25 minutosbrhay un supermercado abierto las 24 horas cerca de la zona donde podrás encontrar de todobrtodos los utensilios habitaciones baño cocina estaban muy limpios y con un olor muy agarable bren nuestro próximo viaje a ny sin duda volveré al apartamento de negrabrademás negra nos a dado la seguridad de que podíamos optar a su apartamento sin sufrir cancelaciones gracias por todo negra y esperamos visitarte de nuevo pronto,597,102,es
148825,923245135992228627,2023-06-27,93429103,France,appartement qui correspondait parfaitement au descriptif situé à la limite de harlembralan est un hôte très soucieux du bienêtre de ses locataires petits messages pendant notre séjour pour savoir si tout allait bien il a fait preuve également dune grande souplesse au moment du départbrappartement de type newyorkais avec ses murs en brique à proximité de central parkbrdeux vraies chambres et deux vraies literies très confortables bril y avait ce quil faut pour cuisiner et le linge de toilette sentait très bonbron peut toutefois regretter que la pièce de vie nait pas de lumière naturelle brlappartement aurait aussi besoin dun nettoyage en profondeur le ménage est fait mais reste succinct brquartier très calme et sûr dans la journée comme la nuit et on trouve de tout à proximité brbelle expérience ,806,131,fr
4338548,905826220077273815,2023-06-03,29195353,Alessandro,lappartamento è molto comodo un punto di forza è stata la presenza di due bagni e camere separate utile luso della lavatrice e asciugatrice la posizione dellappartamento molto vicino alla linea metropolitana c che abbiamo usato per tutto il soggiorno sia per andare a manhattan che per il jfk facile e immediata la comunicazione con angie ci tornerei volentieri,361,59,it
35545525,855056865569774409,2023-03-25,399459457,Micaela,excelente ubicación todo lo necesario para pasar unos días de turismo clásico en ny limpio fiel a las fotos que se muestran puedes ir a pie a casi todo lo interesante en manhattan pero de no ser así tienes cerca estaciones de metro alojamiento cómodo con nevera microondas cafetera baño privado toallas plancha jabones líquidos cremas para el cuerpo todo más que suficiente relación costo beneficio 100 x 100 recomendable,421,70,es
36569876,959506814065926968,2023-08-16,28715068,Felipe,excelente opción para estar cerca del aeropuerto sobre todo si tienen vuelos temprano en la mañana,98,16,es
29804246,886292433655881815,2023-05-07,500934950,Carsten,unser erster airbnbaufenthalt und gleich ein volltreffer andrew ist ein super aufmerksamer gastgeber der stets erreichbar war viele tipps für uns auf lager hatte wir hatten ein tolles großes zimmer genau wie beschrieben es war ruhig nach hinten gelegen das quartier ist bequem mit öffentlichen verkehrsmitteln auch nachts ohne sorge erreichbar empfehlenswert in jeder hinsicht,376,55,de
46104954,931143005105528633,2023-07-08,17175497,Songhyun,뉴욕 근교에서 가성비 좋은 숙소입니다 깨끗하고 아늑하고 위치도 아주 편리합니다,43,10,ja
51040232,913738181838191182,2023-06-14,512452335,Tiguidé,jessica a été vraiment adorable et très disponible pour toutes mes questionsbrson appartement est vraiment propre et confortable brde plus la localisation de son appartement est à proximité des transports brje recommande vivement,229,33,fr
9956834,866693070224755946,2023-04-10,23532015,Marlo,toller aufenthalt in einer schönen wohnung,42,6,de
47000799,997145195313646394,2023-10-07,171286205,David,ich habe die wohnung von darnell für einen längeren aufenthalt in nyc gemietet und es war absolut perfektbrharlem ist eine schöne gegend und ich habe mich zu keinem zeitpunkt unsicher gefühltbrdarnell ist der beste host immer gut erreichbar subway 2 und 3 flexibel und sehr zuvorkommendbrdie wohnung ist traumhaft das fitnessstudio und die dachterrasse werten die wohnung noch mehr auf und man hat das gefühl in einem luxus gebäude zu lebenbrman kann dort sehr gut arbeiten schreibtisch und leben eigenes schlafzimmer große üche balkonbrpraktisch ist auch der wäscheraum zum waschen brder preis ist absolut fair und ich bin der meinung dass man in manhattan nicht besser wohnen kannbrdanke für diese tolle zeit darnell ich würde sofort wiederkommen,748,117,de
46280898,985517820141172518,2023-09-21,527886226,Pavel,vše jak bylo popsanémísto skvělé všude blízko hlavně k místní dopravěbrvybavení pokoje skvělékuchyně kompletnívše čistémusím však podotknoutžebrbylo objednáno ubytování pro 4 dospělé osobyspaní pro dvě osoby superpro další 2 dospělé pouze rozkládacíbrpohovka s rozbitou konstrukcíkde se nedalo spátmuseli jsme dát matraci na zem a pohovku odsunoutbrdo rohumyslímže je to jediná ale podstatná výtka pro hostitele sonder nyc vzhledem k celkové ceně zapalcené za pobyt 4 dospělých osob,482,67,tr
37723620,814558996884010504,2023-01-28,494084900,Gustavo,nos sentimos muy comodos fue un excelente anfitrion nos volveriamos a hospedar aqui cuando regresemos a ny,106,17,es
30999134,939190049293139609,2023-07-19,39008121,Leila,kevin est très sympathique et arrangeant son appartement correspond à la description et convient à 2 personnes pour quelques nuits il est proche à pied de stations de métro dracula est adorable,193,32,fr
54004046,1010222733166398367,2023-10-25,112999571,Amelie,logement exactement comme décrit dans lannoncebra chaque question nous avons toujours eu une réponse dans la fouléebremplacement idéalbrjuste un peu petit si on doit manger sur place à 4,186,29,fr
48105141,929713359489983953,2023-07-06,166339912,Jose,entiendo que es una habitación para personas con equipaje liviano ya que hay que subir unas escaleras bastantes altas en adición deben aclarar que no es recomendable para niños pequeños aparte de eso todo estuvo bastante bien la habitación estaba limpia y es tal cuál la foto tuvimos una situación y amiee contesto bien rápido y resolvió es importante aclarar que está en el área de chinatown no la calle canal tiene dos parada de autobús cerca ese autobús te deja cerca del world trade center la estación del tren está alejada como a unos 10 o 15 minutos caminandobrpero si eres una persona adulta que quieres visitar la ciudad de nueva york y vas a estar todo el tiempo fuera es una buena opción mi recomendación es si tienes niños pequeños de entre 1 a 10 años no deberías quedartebruna sugerencia seria tener tv,815,145,es
29269102,868187971156364569,2023-04-12,124655233,志鹏,房间是地下室两个人住太小了房间卫生打扫的还算干净停车位不好找br房东回复很快非常感谢,42,1,zh
29804246,878995323737066410,2023-04-27,76153401,Marine,andrew est un hôte adorable et très gentil qui nhésite à vous arranger en fonction de vos besoins et des ses capacités la chambre est un vrai espace cosy avec tout le confort et il est tres bien situé je recommande vivement ,224,43,fr
32701542,863802548478897006,2023-04-06,410664179,Pedro,obrigado por nos receber em seu espaço alba local tranquilo apartamento corresponde com as fotos limpo padarias mexicanas próximas para comprar café da manhã e também mercados metrô de fácil acesso em até 10 minutos a pé linha 7 que leva direto para a times square sem a necessidade de baldeação,295,51,pt
888515846857730382,994209240497337018,2023-10-03,78957932,Tatiana,nos encantó el alojamiento todo fue perfecto muy limpio y ordenado tenía todo lo que necesitábamos y el vencíndario tranquilo y seguro feliz volveríamos a hospedarnos ahí brangel muy preocupado por lo que necesitáramos,218,34,es
52593554,885512030208506745,2023-05-06,10058548,Marlou,het was een heerlijke plek in een prachtige buurt katryn was warm hartelijk en behulpzaam een aanrader,102,17,nl
25837024,939134157374946586,2023-07-19,389957621,Larissa Beatriz,freeda foi uma anfitriã muito educada e prestativa me deu recomendações de programas para fazer na cidade conversamos sobre várias coisas muito simpática e a casa estava bem limpa e organizada o quarto é bem confortável,219,36,pt
52752339,881876864314682060,2023-05-01,26629604,Paul,l appartement de barbara est claire très bien équipé et très bien placé dans west village la communication a été parfaite et barbara a été très arrangeante j y retournerai sans la moindre hésitation,198,34,fr
2922197,878997128882358943,2023-04-27,191880037,Josiane,très bonne adresse dans un quartier bien desservi par le métro station à 100m 30 mn de central park quartier calme surtout la nuit logement ancien au charme désuet type cubain très propre et bien équipé hôte charmante et toujours disponible rosa est très sympathique et bien à lécoute prête à rendre service je recommande cette adresse aux personnes qui voyagent seules on se sent comme chez soi,395,68,fr
53606617,886291164948503848,2023-05-07,505000580,Ilias,proaktive kommunikation seitens auset empfang war sehr herzlich und alles sehr gut erreichbar vom apartment aus würde ich blind wieder buchen danke,147,22,de
50231254,948578130555585743,2023-08-01,513173776,Alejandro,excelente el depto todo ordenado e impecable la zona es muy tranquila y el metro a 100 metros que funciona las 24 hs por lo que en 15 minutos estás en time square la comunicacion con patricia muy buena y las instrucciones para llegar y acceder al depto muy precisas,265,50,es
39767080,862308871842888399,2023-04-04,133383276,Richard,apartmán bol útulný v dobrej polohe dostupnosť všade rýchlo na krátkodobý víkendový pobyt ideálne ale na týždeň by som v tej cene a čistote radšej zvolil hotel 1 uterák na týždeň nestačí kuchynské spotrebiče sme museli najskôr dôkladne umyť ak sme ich chceli použiť ale mixer nefungoval na stenách v kuchyni je potrebné vymaľovať steny sú zatečené kúpeľňa bola veľmi špinavá a plná osobných vecí niekoho iného svetlo a podlaha okolo wc plné prachu a čiernych vlasov tak isto kuchyňu je potrebné lepšie vyčistiť skrinky nad sporákom sa lepia na prsty pri otvarani za tie peniaze sa dá objednať hotel za central parkom priamo na manhattan,636,106,ru
32531409,933409156983902510,2023-07-11,400951033,Esteban,es un alojamiento comodo y agradablelo recomiendoel alfitrion es activo,71,10,es
802222492461534171,992088087582090240,2023-09-30,27513954,Giulia Eleonora,ottimo appartamento per passare un po di tempo a new york la casa era dotata di tutti i comfort vicina alla metropolitana e a supermercatibrtuttavia ci sono alcuni piccoli dettagli della casa che potrebbero essere miglioratibrad ogni modo jay è stato molto gentile e premuroso nei nostri confronti e la permanenza è stata gradevole,331,54,it
645075,948544046318942443,2023-08-01,513742743,Simon,brian fut un hôte très accueillant et bienveillant discret et attentif à notre bienêtre brian remplit toutes les conditions pour figurer parmi les super hôtes,158,25,fr
846012692245520589,1020414255158691124,2023-11-08,139872608,Marcelo Oswaldo,la checking estuvo bien el cuarto muy frío la primera noche pedí desde las 18h30 una frazada adicional y me entregaron al día siguiente porque insistí la calefacción me encendieron a las 11h00 la primera noche para el olvido domingo no agradable brel fregadero sucio y no use nada de la cocina ni aguabrlunes y martes me duchaba y salía regresaba 19h00brenbrla ducha no había ganchitos para colgar la ropa de dormir y la toallabrel miércoles mi último día no había agua el momento de tomar una ducha y mejor arregle mis maletas y salíbrdeberían inspeccionar en el sitio para darle autorización y el precio por el servicio exorbitante 95 más lo del aseo de una pieza bresperaba algo más agradable a la vista y a los sentidosbrno había tv en ningún ladobrcreo que arb no garantiza un buen servicio a un huésped no sabe no conoce a dónde va a llegarbrdeseo que se mejore brgracias,877,156,es
799530813091808684,976110898496811467,2023-09-08,15363521,Nadia,très bon séjour chez romel cest une personne très réactive et gentil il a même installé une barrière de sécurité pour mon bébé il répond très vite si vous avez des questions le logement était conforme aux photos et spacieux nous avons apprécié les rangements dans les chambres et la climatisation qui était neuve le nécessaire était disponible dans la cuisine je reviendrai sûrement si je viens à new york,405,70,fr
749139083726291164,993567570243641701,2023-10-02,417927562,Patrícia,ubytovanie bolo skvelé ghazal je úžasná osoba stále sme sa na ňu mohli obrátiť naozaj sa zaujímala aby nám nič nechýbalo poloha bytu je výborná 5min od metra do pól hodiny ste všade kde potrebujete v blízkosti boli potraviny kaviarne pekáreň reštaurácie ak sa do new yorku vrátime určite si vyberieme tento apartmán znovu ďakujeme ,331,56,ru
834707675807140705,845633213117189250,2023-03-12,9347944,Radhouane,très bel appartement bien situé et proche à 5 minutes de marche du metro je le recommande,89,17,fr
1465446,892748119313962717,2023-05-16,28927219,Jorge,muy recomendable y atento repetiría sin dudas,45,7,es
47181832,1022554181010291468,2023-11-11,162406932,Merly,el hospedaje con michelle estuvo bien la habitacion y el baño es limpio la llegada al lugar fue facil lo unico que quizas deba mejorar es el wifi no tuvimos buena señal algunos dias de nuestra estadia el internet era intermitente y se caia contantemente,253,45,es
787857735797161138,1014581527411998630,2023-10-31,244777725,Rachid,hôte très réactif logement propre et bien entretenu je recommande pour un séjour en famille ou en groupe,104,18,fr
767836915829700237,1002896173536353957,2023-10-15,393328509,Soraia,aconselho vivamente a estadia no sonder óptimas condições e localização excelente superou as expectativas,105,14,pt
41564625,861602228825985189,2023-04-03,350123257,Sybille,merci encore à edgar pour sa flexibilité il sest montré très arrangeant et dune grande gentillesse brséjour parfait et le logement également,140,22,fr
919830,870980650223537785,2023-04-16,3058901,Claire,très bon séjour chez eduardo parfait pour 34 personnes hôte attentif et appart sympa avec belle collection de cd bonne literie salle de bain très bien tout est fonctionnel et bien aménagé emplacement au pied du métro supérettes à proximité immédiate les petits points à savoir mais qui ne me font toutefois pas regretter mon choix de séjour chez eduardo 2 escaliers très raides pour monter jusquà lappartement pas de lave linge ni de lave vaisselle bruyant la nuit mais pas pire que dans beaucoup dappartements new yorkais et si vous avez oublié des bouchons doreilles eduardo en laisse sur place dans lensemble je recommande vraiment,634,106,fr
5287414,863581044905669288,2023-04-06,79673594,René,eja war sehr nett freundlich und und immer sehr zuvorkommend,60,10,de
52611423,919638457121975445,2023-06-22,47844116,Valentin,appartement idéal pour le raport qualité prix situé à 10min à pied du métro puis 20 à 30 min pour aller vers time square accès métro un peu plus compliqué le soir car moins de métro s arrêtant à la stationbrappartement très fonctionnel peu de lumière mais ce n était pas grave car nous rentrions tard le soir hôte très prevenant,328,61,fr
675213534287960672,942036662533129388,2023-07-23,32467937,Kerstin,tara war eine sehr freundliche gastgeberin sehr um mich bemüht das zimmer war klein aber sehr sauber nur die lüftung war nicht optimal das funktionierte ausschließlich über klimaanlage die lage ist sehr günstig öffentliche verkehrsmittel sind tatsächlich nur 2 min entfernt,273,41,de
17270768,881191269360468240,2023-04-30,119331206,Laurence,excellent séjour chez leslie lappartement est très spacieux très bien décoré très bien équipé et très calme avec une partie donnant sur un jardin où on entendait les oiseaux il est situé dans un super quartier à 3540 minutes de métro des tous les points à visiter à manhattan cétait un plaisir de rentrer dans greenpoint et dans lappartement après une journée intense de visites à manhattan leslie habite létage en dessous et est toujours disponible en cas de besoin ce qui est un vrai plus quand on arrive dans une grande ville comme new york de plus il y a un supermarché à moins de 5 minutes à pieds ce qui permet de faire facilement des courses pour dîner le soir dans lappartement vraiment une très bonne adresse ,718,130,fr
805889615351241471,989147304154387400,2023-09-26,41965287,Alexandre,nada a reclamar um dos melhores airbnb que já fiquei apartamento em excelente condição tudo limpo e organizado e fácil ficaria nele novamente com certeza,153,25,pt
25781295,850715654272723283,2023-03-19,147547426,Raysa,excelente lugar cerca de todo,29,5,pt
774620728248082420,876815278037053453,2023-04-24,63540030,Guido,stella è stata molto discreta e nonostante la stanza sia su uno spazio comune chiuso da un separé ha perfettamente rispettato la mia privacy brottimo se si viaggia da soli,171,30,it
35120222,1041362416267874184,2023-12-07,499638011,Nathalie,die unterkunft war wirklich sehr schön sauber und es gab genug platz für jeden von uns mit der naheliegenden ubahn war alles sehr schnell zu erreichen und trotzdem war es in dieser straße schön ruhig der austausch mit den gastgebern war immer freundich und schnell wir können diese unterkunft sehr weiterempfehlen,313,51,de
648377407209324860,897823523491763620,2023-05-23,22726028,Diego,elton nos recibio de una manera muy amigable en su departamento el cual se encontraba a un par de cuadras de una estación de metro la zona por su casa es super bonita y tiene hasta dos estaciones de metro cerca y muchos restaurante y mercados para comprar comida brdurante mi estancia elton nos ayudo en todo dandonos datos super utiles y recomdando formas de llegar a ciertos sitios asimismo el ultimo dia nos permitio guardar nuestras maletas despues del check out para poder tener un ultimo dia muy buenobr100 recomendable el sitio y la hospitalidad muy buena,562,98,es
741730313598556488,967439331925856523,2023-08-27,380791406,Anna Carolina,somente o café da manhã estava um pouco tumultuado,50,9,pt
585421591267602334,872457013730542790,2023-04-18,41736959,Agathe,excellent rapport qualitéprix pour ce logement situé dans un quartier agréable et proche de plusieurs stations de métro qui permettent de se rendre à manhattan très facilement la chambre et les espaces communs étaient très propres seul bémol la qualité du matelas il est extrêmement mou et nous avons eu du mal à dormir a éviter si vous avez des problèmes de dos a part ça je recommande le logement,398,70,fr
51059180,1036359228471297964,2023-11-30,56753777,Cristina,ottima posizione alloggio piccolo ma x quello che avevamo bisogno noi perfetto,78,12,it
691440340919194195,1020371291198708718,2023-11-08,248144309,Laura,yeison war ein sehr freundlicher gastgeber die kommunikation lief reibungslos die wohnung ist schön und zentral gelegen die ubahn ist schnell zu erreichen und es gibt läden direkt in der nähe abends ist es auf den straßen sehr voll viele anwohner auf den wegen aber wir wurden nie belästigt alles in allem wirklich eine tolle und preiswerte möglichkeit in nyc zu wohnen,369,62,de
32898133,842761329105674110,2023-03-08,486061468,Drahomira,die unterkunft liegt unweit von der metro linie c sonst nichts positives die gegend ist sehr dreckig abends zu ausgehen zu gefährlich,133,22,de
756750489457249470,976156649910944050,2023-09-08,283281683,Marie,il sagit de mon premier voyage a new york toute seule jétais donc un peu stressée lappartement de sandra a su être un safe place un lieu très accueillant et chaleureux sandra est une jeune femme passionnante et attentionnée je recommande vivement de séjourner chez sandra si vous êtes de passage à new york en plus dêtre confortable et propre lappartement est très bien situé,375,65,fr
53494944,968103501406612285,2023-08-28,374166690,Arely,amani fue muy amable con nosotros siempre estuvo al pendiente de nuestras inquietudes nuestro cuarto se encontraba impecable y la cama es muy cómoda el toque que le dan las luces led al cuarto es muy lindo brsi buscan dónde hospedarse en brooklyn esta es una excelente opción ,276,49,es
51796945,794918740846247108,2023-01-01,271818761,Fabien,très bel appartement avec un emplacement assez proche du métro,62,10,fr
37150443,850728592413396384,2023-03-19,504666076,Mathis Ilia,nous avons passer un merveilleux petit séjour chez tiffany nous avons été bien accueilli et nous nous sommes sentis comme chez nous le quartier est adorable avec pleins de petits restos et cafés à proximité nous avons reçu de très bonnes recommandations de tiffany qui nous a beaucoup aidé à nous repérer et à découvrir le quartier et ses environs lappartement était super mignon et propre tiffany est plus quaccueillante et bienveillante on vous recommande fortement ,468,77,fr
15115382,1033369440482502716,2023-11-26,387281122,Jasmine,1010,4,1,ur
46510270,897067098623588484,2023-05-22,476587637,Julie,belle et confortable maison bleue lumineuse et accueillante un excellent point de départ pour découvrir new york et retrouver la tranquillité le soir venu paula est très réactive et les instructions sont claires jolie découverte,228,35,fr
598499099324319670,1023257715415534897,2023-11-12,524879207,Cecilia,apartamento muy céntrico no tuvimos necesidad durante nuestra estancia de contactar con henry pero si que hubo un seguimiento por su parte antes de nuestra llegada el apartamento para seis personas se queda pequeño por lo demás todo bien,237,39,es
6764316,961606189326107216,2023-08-19,14954863,Benito Andrea,la casa perfettabrlappartamento di julia è in una zona bellissima di brooklyn a 1 passo dal manhattan bridge e a 2 dal ponte di brooklynbrzona servitissima dai mezzi pubblici e comodissima sia per raggiungere manhattan che laeroporto jfkbrlappartamento è arredato con molto gusto ha ogni confort ed è molto curato e pulitobrvoto 10 alla doccia spaziosa e molto funzionalebrgrazie julia anche per il supporto per i bagagli a fine vacanza,436,70,it
52440958,1011632589267370261,2023-10-27,79619031,Laura,appartement parfait très propre et avec tout le nécessaire pour une famillebrpablo est un hôte génial et très accessiblebrje recommande à 100,141,22,fr
22435019,1037757702677140759,2023-12-02,112098510,Rir Srls,non finirò mai di ringraziarli ho trascorso un mese splendido metropolitana 2 e 3 linea rossa a 4 minuti a piedi central park a 8 minuti a piedi quartiere tranquillo e amichevole se amate il jazz questa zona è perfetta appartamento pulito silenzioso e caldo sia di temperatura che di atmosfera cucina completamente attrezzata anche del superfluo non lasciatevi sfuggire questo splendido appartamento ho adorato tutto,416,66,it
51781289,927515067108502656,2023-07-03,15373395,Vanessa,ottima posizione e disponibilità torneremo,42,5,it
819586023258001487,947815188565260964,2023-07-31,9601860,Hervé,appartement tres agreable proche du metro sans le bruitbrquartier tranquille,76,10,fr
711477188594962909,892820554588627042,2023-05-16,22572246,Sabrina,top plekbrsuper leuk huis smaakvol ingericht brschoon aardige hosts brwij vinden het een absolute aanraderbrmanhattan is uit en brooklyn is absoluut in wat een heerlijke stad ,175,27,nl
656394974994716619,1015242145401551124,2023-11-01,530063525,Angela,wir waren zu viert für knapp eine woche in diesem schönen apartment in brooklyn die wohnung ist sehr geschmackvoll eingerichtet und hatte für uns genau die richtige größe besonders praktisch empfanden wir dass es zwei bäder gibt wir haben uns sofort wie zuhause gefühlt und hier einen wunderbaren rückzugsort gefunden hd ist ein toller gastgeber hat immer sehr schnell reagiert und auch viele hilfreiche tipps gegeben zum beispiel war das essen in den empfohlenen restaurants sehr gut die wir sonst möglicherweise nicht besucht hätten weil sie auf anhieb nicht so einladend aussehen das viertel ist cool laut und lebendig ein tolles authentisches erlebnis die wohnung liegt zwar an einer stark befahrenen straße die beiden schlafzimmer sind aber dennoch sehr ruhig zum hinterhof insgesamt perfekt und absolut empfehlenswert,823,127,de
566548245549224932,796381254298985568,2023-01-03,22274902,Celia,super logement pour visiter ny merci à maura pour sa réactivité et sa disponibilité,83,14,fr
17665943,926824223629220578,2023-07-02,515445583,Luis Felipe,la estancia fue buena cerca de una parada de buses,50,10,es
2847652,881172035414318472,2023-04-30,15753286,Roberta,host poco presentenon ci sono momenti e spazi condivisi in casa positivo nel caso tu abbia necessità di privacy nel nostro caso è stato perfetto regole molto precise per la convivenza e il rispetto dellarea comune il bagno forse presentate in modo in una maniera molto distaccata e poco accogliente il bagno è un po vecchio ma sempre pulito la camera è abbastanza ampia ma molto rumorosa la notte a causa dei vicini cucina non utilizzata la zona è abbastanza sicura per una coppia tornando la sera metropolitana a 5 minuti a piedi ben collegata a downtown in circa 30 minuti di viaggio supermercati e fast food vicini unica pecca il bagno non si chiude e può creare un po di disagio non ci sono chiavi della camera quindi pur potendoti chiudere dentro devi lasciarla aperta quando esci grazie dell ospitalità gilberto,817,142,it
26602263,947906216754869906,2023-07-31,203145725,Ignacio,excelente ubicación limpio justo lo que ofrece en su publicación,64,10,es
50454030,958690440538581564,2023-08-15,121291678,Magali,nous avons passé un très bon séjour chez shanda lappartement est spacieux et fonctionnel tout était très propre à notre arrivée la communication avec shanda était très facile nous avons aussi bien aimé le quartier proche de deux lignes de métro je recommande,258,43,fr
52154854,980489362180464507,2023-09-14,307589188,Jacqueline,amir war ein toller gastgeber alles war so wie beschrieben tolle flauschige handtücher selbst das toilettenpapier war super weich wir waren drei erwachsene und das hat gut funktioniert amir war sehr flexibel was an und abreise betrifft die küche war auch gut ausgestattet das appartement war nicht weit von der fähre nach manhattan und vom outlet entfernt und was man nicht vergessen darf es hat zwei balkoneveranden der rückweg war etwas anstrengend weil das haus auf einer anhöhe liegt da ich eine unlimitet metrokarte hatte habe ich das busfahrern für den rückweg für mich entdeckt die bushaltestelle ist fast vor dem haus und die zeiten passen mit denen der fährebrdas appartement und sein gastgeber sind absolut zu empfehlen wenn man eine tolle wohnung bekommen möchte wir waren sehr zufrieden,798,129,de
806522321999123347,894892298562017411,2023-05-19,501026264,Chiung Hui,推薦給需要住在布魯克林區的人房子很乾淨房東非常好但是在3樓需要爬樓梯行李太多的就不建議了,44,1,zh
51734038,914464673827073848,2023-06-15,506380781,Jan,zeer nette slaapkamer woonkamer en keuken heel fijn brhost is zeer netjes in reageren op vragen brik zou deze locatie aanvevelen voor een trip naar newyork,155,26,nl
13685807,855837771401717318,2023-03-26,21245774,Germain,emplacement parfait parfaite communication ,43,5,fr
33061311,992785056343906556,2023-10-01,431610352,Anika,ich war mit meinen beiden kindern 19 24 jahre alt für eine woche in new york und es war uns wichtig mehr vom echten lifestyle zu erleben daher lieber eine private unterkunft als ein hotelbrwir haben uns direkt wohlgefühlt es war alles vorhanden was man so im haushalt braucht in der nähe kann man einkaufen und es sind fußläufig mehrere ubahnhöfe zu erreichen die fahrt zu den verschiedenen sehenswürdigkeiten nimmt ein wenig zeit in anspruch aber das hat uns nicht gestört da wir auch hierbei schon viele eindrücke sammeln konnten die kommunikation mit shelley war jederzeit möglich und unkompliziert und wenn wir nochmal nach ny kommen dann hierher,650,108,de
888515846857730382,942810936096567318,2023-07-24,359734065,Isabella,todo fue perfecto era como estar en casa todo estaba súper limpio cuenta con todo lo necesario y hasta más la cocina está súper bien equipada con todos los utensilios necesarios lo más sorprendente fue lo limpio que estaba el apartamento muy acogedor y muy bonitobrademás ángel es un excelente anfitrión,303,51,es
53398202,897181367663676205,2023-05-22,8276208,Sébastien,agatha répond très rapidement et est très proactivebrle logement est très beau et très représentatif des photosbrrelativement bruyant à cause de métro qui passe très proche pour le reste lappartement est plutôt bien situé malgré le manque dépiceries proche,256,39,fr
37288147,910942287050336897,2023-06-10,122968786,Coralie,edwin est un hôte très réactif avec de bons conseils et discret bril est bienveillant et agréable brle logement est propre la literie est agréable très facile daccès de deux lignes de métro à moins de 10min brle petit conseil qui ne nous a pas dérangé mais qui est bon à savoir cest de prévoir des boules quies pour la nuit,323,61,fr
51945222,860916979433382532,2023-04-02,174478778,Jorge,untitled está ubicado en un lugar inmejorable muy limpio y acogedor no reciben paquetes en recepcion pero hay un punto de recogida de amazon a un par de cuadras hay acceso al autobus y al metro muy cerca nosotros llegamos después de media noche y la entrada fue muy facil el callejón esta muy bien iluminado y no te da sensación de peligro sino todo lo contrario el espacio es bastante reducido pero no fue un problema para nosotrosbrel desayuno es café y un crossaintpie brme volvería a quedar aca sin dudabrgracias untitled,525,93,es
841128954402711018,957945221439230898,2023-08-14,261374437,Andrés,excelente ubicación brapartamento muy limpio y cómodo,53,7,es
713696585074780233,1051546934031154317,2023-12-21,511874228,Louis,lemplacement est super à 20 minutes en métro de time square le logement est idéal et est une bulle de calme au milieu de lagitation de la ville je recommande ,158,31,fr
607328822575142192,988478623527045461,2023-09-25,493227334,Jose Luis,muy pero muy comoda una cama impecable excelente sueño limpia muy buenas atenciones me proporcionaron todos los apoyos necesarios excelente anfitriona,150,21,es
24288869,873984003955691140,2023-04-20,260452378,Jean Louis,chambre très calme avec jardin privatif brsuperbril manque des assiettes couverts brattention au métro m le weekend pas nombreux le soir,136,21,fr
26717141,912304710703746118,2023-06-12,506868071,Max,il se peut que la serrure vous ayez de la misère assurer vous de parler un minimum espagnol car vous serez dans un quartier latin les gens se force a pleine de vous parler anglais apporter vos effets de toilette car il y a des manquements si vous êtes sensible à lhumidité vous je serai peut être pas à la bonne place mais cest vivable si vous faites parti de la communauté lgtbq le quartier est safe malgré les regards et les commentaires espagnol il y en aura toujours mais rien de dégradent cela me fait rire personnellement brmalgré tous cela jai passer 8 merveilleux jours parfait si vous voulez lâcher prise de vos responsabilités,636,115,fr
31277426,890598919449938465,2023-05-13,387611889,Sylvie,excellent emplacement pour découvrir new yorkbril faufrait juste remplacer le rideau de douche il manquie aussi des plats et saladiers dans la cuisine ainsi que des torchonsbrrapport qualité prix très bon,204,31,fr
34742861,959406776766815544,2023-08-16,184670224,Olga,mí primera vez en brooklyn manhattan es más cómodo para mí aunque está comunicado con la línea q demanda más tiempo de transporte los servicios son correctos el apartamento es en sótano,185,32,es
858697692672545141,1032694643028261722,2023-11-25,50737471,Mony,fue mi primera vez en nueva york y reservar con alfred fue mi mejor decisión a escasas cuadras del madison square garden y de la estación penn el alojamiento es acogedor las habitaciones son muy limpias con cobijas súper calientitas los muffins me encantaron en el área de la cocina tienes avena leche pan crema de cacahuate para que puedas hacerte un refrigerio los wc limpios tienes shampoo y acondicionador definitivamente volvería a hospedarme con alfred sin duda alguna muchas gracias ,490,82,es
843566843959251599,994286754148464690,2023-10-03,31032232,Dominik,unser aufenthalt bei jose hat uns sehr gut gefallen wir haben uns wohl gefühlt jose war freundlich und zuvorkommend die kommunikation hat gepasst das apartment war sauber und passend für einen familienaufenthalt mit vier personen nach manhattan benötigt man mit öffentlichen verkehrsmitteln etwa 1 stunde wir haben uns in der gegend auch abends sicher gefühlt brdanke jose für den netten aufenthalt,398,61,de
18024561,874688176538450466,2023-04-21,36519246,Emmanuel,un bel appartement idéalement situé pour partir à la découverte de new yorkbrnous étions 7 deux adultes 3 ados et 2 petits et il ne nous a rien manqué,150,29,fr
697162273018281181,869551342483504113,2023-04-14,24417659,German,el sitio es como la descripción son muy amables y siempre están disponibles para lo que se necesita,99,18,es
14222252,857294252205434617,2023-03-28,504549603,Gustavo,alexandra se portó siempre muy dispuesta cada vez que necesitamos algo de ella la respueta fue inmediata el lugar muy limpio y acogedor dedinitivamente volveria a hospedarme ahi mismo,183,29,es
764009535010619872,1050762959449655936,2023-12-20,38037866,Amélie,quartier pas forcément très intéressant en soi mais calme avec surperette au pied de limmeuble laccès au métro proche permet de rejoindre manhattan en 20minutes très pratique,174,27,fr
883689494720317874,997820712747845598,2023-10-08,162839484,Monserrat,todo ok,7,2,pt
49259071,892096525840283711,2023-05-15,192538977,Francois,logement propre et très bien situé environnement assez bruyant mais cela nempêche pas de dormirbrlappartement est confortable bien équipé et on sy sent comme chezsoi,165,25,fr
30932236,867456551176677750,2023-04-11,262740635,Ambre,très bon séjour dans la maison de michael hôte très réactif et très gentil brséjour en famille avec un bébé une maison très bien pour 7 adultes brje recommande fortement,169,30,fr
659524468137662241,795633914405295900,2023-01-02,242096210,Armel,à voir absolument,17,3,fr
658872910949576878,912297959787759944,2023-06-12,131516738,Antoni,lloc agradalble en transport públic metro força aprop de mahattanbrcuina correcte menjador agradable i tot força netbrbon lloc pel preu que te per passar uns dies a new york sense letres del centre de la ciutat pero molt aprop i a un preu molt raonable per ser tant aprop de new yorkbrno sembla que hi hagi problemes de seguretat a la zona ni tornant de nitbrrepetiria,368,66,es
861528810351703711,985555464521531131,2023-09-21,331110965,Macarena,excelente ubicación el apartamento muy cómodo,45,6,es
36485171,984809704224074186,2023-09-20,510141533,Thomas,zeer vriendelijke gastheer die altijd joviaal was,49,7,nl
8760442,913847160488392542,2023-06-14,119463466,Tomasz,jedno z najlepszych airbnb w jakich byliśmybrprzemili gospodarze bardzo pomocni zawsze mogliśmy ich o wszystko zapytać pomogli nam w odzyskaniu bagaży od lotniska które je zgubiłobrgdyby nie ich pomoc wyjazd mógłby być bez walizekbrpodejście do gości świetnebrodnośnie miejsca bardzo czyste ze wszystkimi możliwymi udogodnieniami br57 min do metra które w 2030 min dojeżdża do manhattanu idealna baza wypadowa na każda cześć nybrbardzo polecamy to miejscebrdziękujemy gospodarza za wspaniały tydzień w ny,504,71,pl
9351006,934127443615061833,2023-07-12,166176293,Désirée Annie,la station du métro nest pas loin les voisins sont sympathiques yemi répond rapidement aux messages merci beaucoup yemi,119,19,fr
540057,917384066200914013,2023-06-19,116511307,Marzena,zaraz po wejściu do pokoju zauważyłam biegającego ogromnego karalucha udokumentowałam to na zdjęciach od razu zgłosiłam gospodarzowi zaproponował by zastosować spray a następnego dnia miał przyjść ktoś do dezynsekcji nie zamierzaliśmy spędzić nocy ani kolejnych dni w tym mieszkaniu ze względu na karaluchy i ogólnie sredni poziom czystości wiec po 30min pojechaliśmy do hotelu nawet po interwencji airbnb nie otrzymaliśmy zwrotu pieniędzy nie polecam,451,64,pl
885214491668212823,916025388251166518,2023-06-17,227900065,Jungin,위치가 너무 훌륭하였고 냉장고 전자레인지 싱크대 너무 좋았고 이층침대에서 편안하게 잘 머물다갔습니다,55,12,ja
8588621,880454231244524602,2023-04-29,374854779,Erwann,logement propre et relativement confortable bon emplacement dans un quartier authentique de brooklyn qui malgré tout nest pas très animé erin est une hôte disons discrète et plutôt mutique timide si vous recherchez la tranquillité et peu déchange vous êtes au bon endroit ou a vous de faire le premier pas très bon cookies maison cependant ,340,57,fr
13536155,973980664655786322,2023-09-05,339797572,Fatoumata,bon emplacement du logement proche de manhattan,47,7,fr
635574615894942412,953638486366546564,2023-08-08,94076404,Rozenberg,דירה יפה ממוזגת ומאובזרת סביבה מקסימה ליד בתי קפה קטנים הכל נמצא בסביבה אין צורך ברכב הרכבת במרחק של 5 דקות הליכה brנחזור שוב,125,24,ar
593322347340602809,882592593764322484,2023-05-02,300210935,Morio,4日間快適でしたありがとうございました,19,1,ja
47333781,972455560887943934,2023-09-03,441619708,Roberto,el lugar donde se encuentra la propiedad es muy buenabrlo buenobrcerca a todo lugar céntrico brrestaurantes en la misma calle por la noche es muy bonitobrlo malobrpor estar cerca a bares nocturnos hay bulla creería que pueden mejorar en las ventanasbrsubir 4 pisos en escaleras muy pequeñas pero hace parte de la infraestructura del edificio claro que solo subes 1 o 2 veces diarias porque pasas todo el día afuerabrsaludos,423,70,es
27967621,901440113817068737,2023-05-28,141345384,Maurice,mooie rustige locatie een warm welkom met de best brownies ever zeer gastvriendelijk en snel reagerend het appartement is voorzien met alles wat je nodig hebt een heerlijke plek om te verblijven na een drukke dag new york,221,38,nl
40586837,1032637919118917960,2023-11-25,20639368,Laura,nada más llegar la casa llena de polvo arena debajo de algunas alfombras que supuestamente había pasado la aspiradora antes de que llegásemos en la nevera comida de otros inquilinos hielos en el congelador con moho se lo transmito y me comenta que lo de los hielos ya lo sabía y aún así no los había quitado entra al alojamiento para limpiar los ventiladores que era lo menos sucio que había más tarde nos dimos cuenta de que la calefacción del salón no funcionaba se lo comuniqué y al intentar arreglarlo y ver que no podía nos trajo una estufaluego por suerte la avería de la calefacción se solucionó porque hacía bastante frío bruna cosa buena fue que nos dejó entrar antes de la hora que estaba prevista y nos dejó el alojamiento hasta la hora que nos tuvimos que ir al aeropuerto,784,143,es
4455301,977574440458046963,2023-09-10,12580024,Jean-Luc,découverte de new york pour notre voyage de noces super séjour ,63,12,fr
20933293,935547088493824035,2023-07-14,137349593,Jordan,rhita a été adorable avec nous du début à la fin du séjourbrelle a eu beaucoup de petites attentions pour notre confortbrla chambre est comme décrite et surtout très propre et confortablebrtrès bien situé à 5min à pied du métro de restauration et de supermarchébrvraiment idéal pour un séjour à new york brnous recommandons rhita à 100 et merci encore pour votre accueil ,371,64,fr
39717041,976145714420415661,2023-09-08,654882,Kateřina,ubytovani bylo fantasticke komunikace s antonellou skvela byt je cisty prostorny a dobre vybaveny ocenili jsme dve koupelny okoli je klidne a plne obchodu a restauraci radi se sem vratime,187,30,tr
37048087,960905577338446971,2023-08-18,228414492,Kristin / Torsten,gute wohnung zum attraktiven preis,34,5,de
53328559,1006579965117168239,2023-10-20,510192281,Susanne,heel mooie stijlvol ingerichte super schone air bnb locatie is heel handig ten opzichte van de metro contact met host heel goed reageert heel snel,146,25,nl
47293809,999291756840081556,2023-10-10,497581922,Kathrin,wir hatten 8 problemlose tage und danken aliza für die unterkunft aliza antwortet direkt und die metro ist direkt um die ecke können es immer wieder weiterempfehlen,164,27,de
768239303625460600,873243331781700413,2023-04-19,4904247,Christian,le logement est conforme à la description lappartement est très grand a 6 minutes à pied du métro sur une ligne principale ce qui est très pratiquebrle quartier est vivant très animé jennifer est très réactive,209,36,fr
837213410815312557,950070567148875737,2023-08-03,80875923,Lorène,monica offre un logement propre agréable et reposant idéal après une journée de visite intense,94,15,fr
33135950,938484163630096608,2023-07-18,21206696,Sonja,es war eine wunderbare woche im appartement von martha und geoffrey die wohnung war perfekt und sehr liebevoll eingerichtet der kühlschrank mit kostenlosen getränken gefüllt und die ausstattung hervorragend besonders die betten und das bad wir haben hervorragend geschlafen die lage war ideal der weg zur subway kurz und auch in der näheren umgebung gab es reichlich auswahl an shops und restaurants brganz besonders möchte ich mich bedanken für die tolle unterstützung als geoffrey uns für einige nächte ganz unkompliziert ein weiteres bett bereitstellte da meine große tochter und mit einem besuch überraschte und sie so bei und mit uns einige nächte verbringen konntebrvielen herzlichen dank nochmals und ich kann nur jedem besucher dieses air bnb ans herz legen wenn er eine perfekte unterkunft zu einem sehr guten preis in new york sucht brliebe grüße brsonja lehmann mit familie,884,139,de
35829570,852159917558016318,2023-03-21,175192865,Renate,super apartment mitten in brooklynbrsehr sauber gut ausgestattetbralles was man braucht ist in der nähebrsubway supermarkt cafés brruhige lage freundliche nachbarnbrwas will man mehr brjederzeit wieder,201,26,de
752388570444755204,1010934614428057266,2023-10-26,437034305,Michele,appartement fonctionnel et très agréable avec une vue superbe emplacement idéal pour visiter ny et aller au spectacle au lincoln center à 5 minutes à pieds brhôte très réactif nous reviendrons brclaude et michele,212,34,fr
51870855,902869406201654989,2023-05-30,377183157,Iván,todo muy bien ,14,4,es
723404316908135712,936936985081208628,2023-07-16,28765088,Corinne,avons passé un bon séjour chez m milton qui est un hôte sympa et qui aime bien discuter brlendroit était fidèle à la description et le secteur était agréable à découvrirbrnous conseillons cette adresse,201,34,fr
16913950,992804920593885048,2023-10-01,112185283,Annop,ทำเลดแบะสะดวกมากครบ,19,1,th
665857667645966460,1026219691591035622,2023-11-16,178710398,Leilaa,es un pequeño edifico acondicionado a habitaciones el baño es compartido pero las veces que ingresamos estaba limpio la habitación es cómoda y tiene lo que necesitas para el precio la ubicación es excelente central park está a dos bloques y tienen lugares para desayunar igual de cerca la experiencia fue buena y lo volvería a rentar brlo único malo que el check in es hasta las 3 pm lo cual corta tu día para el viaje,418,77,es
2015800,984778449461747441,2023-09-20,439362981,Louisa,wir waren super zufrieden und würden immer wieder in diese unterkunft kommenbres war alles super sauber gia war super nett die wohnung war mega schön und manhattan ist sehr schnell und einfach zu erreichen war ein sehr toller aufenthalt,236,39,de
36513425,891305934073621625,2023-05-14,53389604,Caro,nous avons été très étonnées de laccueil peu chaleureux de wendy et son mari nous nous attendions à faire connaissance avec des hôtes très amicaux au vue de leur présentation brle logement nétait pas très propre vaisselle sale dans lévier de la cuisine gazinière sale salle de bain pas mieux dommage bra noter que la porte de la chambre ne peut se fermer à clébrpar contre le côté très positif est le quartier brlogement très proche du métro dans un quartier très vivant et safebril y a tout ce quil faut dès que vous sortez de la maison ,538,99,fr
836149853009345396,1052293147824765324,2023-12-22,392018061,Aamir,comfortable and clean responsive host thank you nelson ,55,9,it
50915413,830426463550487584,2023-02-19,499182359,Odalis,buen lugar para pasar la noche cuando andes visitando la ciudad de new york,75,14,es
45938560,965997796903157712,2023-08-25,308999731,Emmanuel,maravilloso lugar si lo que buscas es vivir una experiencia mas autentica neoyorkina y te gusta caminar y alejarte un poco de las masas de turistas es el lugar ideal pues es un barrio tranquilo con lindos parques cafés y restaurantes la comunicación y atención de iván y brett son excelentes,291,51,es
751033566635378285,816686671792265873,2023-01-31,489646560,Veronica,llegamos cuando estaba oscureciendo y a primera vista nos pareció un barrio no tan seguro con la luz del día se disipó nuestro temor pero nos hubiese gustado conocer más sobre eso por adelantado por lo demás estamos muy conformes con el alojamiento de manera integral,267,46,es
858697692672545141,1024021037109355041,2023-11-13,239809529,Mounji,ok,2,1,sw
51143675,1017484422207343208,2023-11-04,462178158,Geoffrey,peter est quelquun dexceptionnel et généreux il est au petit soins et très réactif une personne de confiance et on nhésitera pas à revenir dans sa demeure a 15min du metro a pied manathan est facilement accessiblebrpeter est discret et demande régulièrement si tout se passe bienbrje recommande brà bientôt peter et prenez soins de votre famille,345,57,fr
48427492,798621696522177148,2023-01-06,468530739,Stefano,alloggio tipico del quartiere che ci ha fatto sentire parte del vicinato ci ha colpito la disposizione della casa con una luce piacevole che entrava ogni mattina punto di forza sicuramente il salone con un affaccio sulle tipiche townhouses di brooklyn in 20 minuti tra camminata e metro linea a express sei a manhattan una qualità che fa apprezzare la casa di paul perché ci si sente a nyc senza il caos del centro città paul è un host super disponibile sia nelle risposte via chat che nella presenza ci ha risolto personalmente un problema oltre che informandosi per noi su dove comprare alcuni prodotti che non trovavamo tutte le info che ci ha dato sul quartiere e sui posti consigliati sono state più che precise soprattutto nella qualità dei ristoranti davvero da provare tonderemo sicuramente perché abbiamo sentito la casa e il quartiere come nostri grazie paul,868,148,it
766778023016290813,979747516868513015,2023-09-13,512974105,Pedro,foi uma ótima hospedagem perto do metrô tudo exatamente como descrito pela anfitriã voltaremos e indicamos com toda certeza tudo muito limpo e organizado a anfitriã deixa o hóspede bem a vontade e nos deu todo respaldo necessário com muita rapidez quando necessário ,266,44,pt
50000106,932608503179523415,2023-07-10,23560446,Boris,jake fue un excelente anfitrión respondía rápido y es una persona muy amable,76,13,es
25963570,960924270860672845,2023-08-18,39322437,Rachid,le rapport qualité prix de ce logement est très bienbrle quartier laisse à désirer mais les moyens de locomotion facilitent larrivée et le départ vers les lieux dintérêtbrmerci pour tout rj,189,31,fr
673873192225899360,1052946319435312931,2023-12-23,94200299,Pedro,local excelente para viagem em grupo estávamos em 05 adultos e a hospedagem atendeu super bem próximo do metrô que dá acesso a várias regiões de nova york recomendo,164,29,pt
28188131,840578839200943871,2023-03-05,436255149,Carla,ruben es muy amable y muy buen anfitrión muy atento a las necesidades y el apartamento tal y como se muestra en las fotos,121,24,es
687698474968214276,999998336872187612,2023-10-11,67180701,Cristian,un excelente lugar para quedarse en pareja o de a 3 con todo cerca como restaurantes y bares además de locomoción cercana,121,22,es
653258474247952642,812400304613430416,2023-01-25,496990375,Sofia,el alojamiento muy bien ubicado las habitaciones baño y cocina muy limpios el único inconveniente es que esta en el tercer piso y no tiene asensor entonces subir las maletas fue bastante incomodo,195,33,es
856629934313611866,976071387079224241,2023-09-08,500743405,Ina,het appartement was voor ons een mooie plek om te verblijven en heerlijk met airconditioning om tot rust te komen na een dagje hectiek in de zomerse warmte van alle indrukken in new york sightseeing owtc nahm gugenheim museum shopping in macy central park staten island ferry ferryrooseveld to downtown zijn een aantal uitjes die we hebben gedaan het was een hele belevenis allemaal,382,64,nl
12701430,1001494413453507879,2023-10-13,12685488,Susanne,wir familie mit 2 teenagern hatten eine tolle zeit in der wohnung von victor netterweise durften wir schon vor der angegeben check in zeit unsere koffer abstellen danke noch mal dafür das hat uns sehr geholfen und wir konnten so schon den ersten tag richtung manhattan aufbrechen brdie wohnung ist sehr schön eingerichtet und liegt günstig zur subway brdanke auch für die erste verpflegung mit milch obst käse und joghurt das war sehr nett wir würden jederzeit wieder kommen und empfehlen victors wohnung zu 100 weiter,518,86,de
571584519885225281,956593432107561318,2023-08-12,60103917,Jose Miguel,el departamento está bien equipado tiene de todo lo necesario baño con las cosas básicas lavadora cocina bien equipada para cocinar etcbrsu ubicación es muy buena para tomar el metro e ir a manhattanbrpor estas razones si lo recomendaría porque por el precio en ny es un buen departamento para estarbrlamentablemente los aires acondicionados no logra enfriar bien el departamento y la pieza tiene bastante ruido y luz de la calle lo que hace difícil dormir hasta un poco mas tarde,480,81,es
3780113,923194788081169243,2023-06-27,514389190,Djamal,nous avons passé un agréable séjour dans le studio ce dernier est proche de la bouche de métro et facilite ainsi toutes les activités laurent est très à lécoute et très réactif nous recommandons ce logement,206,36,fr
50865450,804436208454425812,2023-01-14,472598539,יהודה,היה נחמד תודה,13,3,ar
29831517,1009476743174102307,2023-10-24,508026169,Lisa,la chambre chez rena nous a beaucoup plu particulièrement le fait quelle soit équipée dune salledebain privéebrle logement se situe à environ 1h de manhattan avec les transports publics brnous nous sommes sentis en sécurité dans le quartier et reviendrions chez elle si nous repassions à ny,290,47,fr
26925980,867459453880500660,2023-04-11,424648330,Torben,die wohnung war gut zu erreichen per ubahn 10min gehen oder per bus 3min die kommunikation mit russell war sehr gut,115,21,de
599992429950840153,821109112112981694,2023-02-06,491035637,Esther,hôtel très bien situé personnels accueillants chambre agréable et propre super expérience merci,95,13,fr
776326805655845596,899341639364573658,2023-05-25,474533,Gwladys,appartement très sympa lemplacement est bien bus et métros pas loin par avec jeux enfants et commerces en tous genre le lit double est hyper confortable avoir deux chambres distinctes est un vrai plus la terrasse est super ,223,39,fr
27610245,926797225715547471,2023-07-02,251693426,Iryna,супер гостеприимный хозяин филипп очень удобные апартаменты мы чувствовали себя как дома,88,12,ru
47179119,977544796758771308,2023-09-10,73068248,Paulina,bardzo przyjemne mieszkanko brdo stacji metra 10 minut spacerkiem brbardzo polecam,82,11,pl
27312914,1031990344908031108,2023-11-24,158477208,Ilse,el alojamiento limpio y ordenado fácil entrada zona tranquila hay un supermercado cerca buena comunicación con el anfitrión precio accesible,140,20,es
50448458,889841871497620544,2023-05-12,100828237,Judith,excelente experiencia,21,2,es
40068404,993489112058204134,2023-10-02,55376308,Alexander,очень довольны проживанием ванесса милейшая ненавязчивая и приятная в общении женщина в доме всегда тихо и спокойно,115,17,ru
734621192621009382,860829264588706683,2023-04-02,471612130,Chloe,très beau loft arty à quelques pas des métros logement propre et confortable la communication avec sandra était très facile et conviviale je reviendrais avec plaisir,165,26,fr
754705050508576196,957225292913212088,2023-08-13,488031720,Abril,muy buen lugar para quedarse y pasarla con familia y amigos limpio y ordenado el anfitrion respondia muy rápido 1010,116,20,es
4550602,1001489462783368329,2023-10-13,91307832,Anja,wir waren mit der unterkunft sehr zufrieden das zimmer war sehr geräumig die lage ist gut an die metro angebunden wichtig ist dass es etwas ursprünglicher wirkt als williamsburg das hat uns gut gefallen,202,34,de
54029520,1012344935660498322,2023-10-28,200168320,Melisa,ha sido una estancia muy agradable y cómoda coincidía la descripción del perfil a la hora de llegada fue fácil encontrar la habitación que es pequeña pero tiene todos los servicios jason muy amable respondía rápido cuando teníamos dudas y muy atento el alojamiento queda cerca de la estación de metro y luego todos los sitios turísticos tardabas entre 2030 minutos en metro,373,63,es
738531349516163975,897149330919156970,2023-05-22,136159165,Arthur,rien à redire le logement est conforme propre et fonctionnel nous recommandons vivement,87,13,fr
33214803,902932605729838611,2023-05-30,372467412,Paulo,danny es un excelente anfitrión nos recibió muy amablemente nos dio un recorrido por la casa haciendo sentir parte de ella todo estaba muy impecable había muchos espacios para compartir e incluso para lavar nuestra ropa que en otros airbnb no se ve regularmente recomiendo 100 el alojamiento de danny esperamos poder volver pronto fue muy grato estar ahi,354,59,es
1914231,834822541319406328,2023-02-25,34381048,Caroline,grosse déception nous avons du quitter le logement au bout de 2 jours au lieu d une semaine nous ne nous sentions pas en sécurité dans le quartier surtout sur l accès qui mène au métro nous avons eu très froid le logement est au sous sol pas de possibilité de laisser les rideaux ouverts il faisait 16 degré dans le logement lorsque nous sommes arrivés l hôte nous a expliqué comment augmenter le chauffage mais cela n a pas fonctionné 2 tasses entre 4 ce commentaire avait déjà été mis logement pas très propre taches sur couette poils dans sdb couette trop fines pour l hiver j avais réservé par rapport aux nombreuses évaluations de ferris mais visiblement le bien a été vendu et le nouveau propriétaire chad qui n a que 3 évaluations dont certaines en tant qu hébergé gère désormais ce bien mais les 2 hôtes apparaissent ,825,151,fr
10413576,936958936194758120,2023-07-16,140016477,Marie Hélène,appartement très bien placé pour visiter new york avec des hôtes très accueillants cependant il faut souligner le fait quil y avait à priori dautres invités nous avons eu du bruit un soir et nous avons du descendre pour demander à baisser le volume et le matin en allant à la salle de bain on avait la vue sur les voisins de chambres manque dintimité ambiance un peu perturbante mais le logement était propre et bien placé,422,77,fr
811529952320240113,963840793498006051,2023-08-22,28576113,Claus,unser aufenthalt in delphines wohnung war wunderschön es war sehr ruhig sauber und es hat uns an nichts gefehlt die küche ist super ausgestattet von der kommunikation mit der gastgeberin bis hin zum kleinen cafe direkt an der ecke lic corner cafe war alles perfekt die klimaanlage hat uns sehr durch die heißen nächte geholfen die ubahn ist quasi direkt vor der haustür ca 200m wir haben unsere zeit dort auf jeden fall sehr genossen und kommen auch gerne wieder hierhin zurück,477,82,de
51945222,931928957549860292,2023-07-09,515035936,Rogelio Andrés,muy agradable lugar muy urbano muy limpio y profesionalbrme encantó el lower east side y la ubicación de untitled es muy buena hay metro muy cerca y muchos lugares cerca para comer o caminar brsin duda regreso,209,37,es
46799074,913748273856148753,2023-06-14,501360406,Fidel,la ubicación es excelente,25,4,es
52824025,1029010183017614210,2023-11-20,241343445,Rachel,logement confortable emplacement parfait beaucoup de bons restaurants à proximité,81,10,fr
36236515,992834347318619512,2023-10-01,225252784,Kai,super unterkunft wenn man schnell morgens zum jfk flughafen muss die unterkunft ist wie beschrieben und sehr sauber well done,125,20,de
748057680426693490,940571502131725985,2023-07-21,188669380,Kévin,excellent séjour je recommande à tous,37,6,fr
53934304,928276333252136296,2023-07-04,275825401,Nicole,innerhalb unseres 2 wöchigen usa road trip haben wir uns 4 aufregende tage in new york verbracht es war toll wir waren 6 personen 2 erwachsenen und 4 teenies und haben und in der wohnung sehr wohl gefühlt die wohnung ist sehr sauber modern und gut ausgestattet die betten sind bequem sehr gute anbindung an den öffentlichen nahverkehr und viele einkaufsmöglichkeiten für den täglichen bedarf in der nähebrdie kommunikation mit joanna verlief immer schnell freundlich sie hat auf alle fragen prompt reagiert und immer hilfe angebotenbrvielen dank für alles,555,89,de
51945222,942114749120003432,2023-07-23,501306979,민서,좀 좁은데 그래도 적응 되면 괜찮아요br1층에 아침마다 빵 준비하시는데 정말 맛있습니당,48,11,ja
10413576,989858087136278754,2023-09-27,106395903,Paola,amamos demais ficar na casa de mahmood sua esposa nilufur é super gentil e atenciosa brnós sentimos em casa com toda a certeza quando voltarmos a ny ficaremos hospedado com eles brlugar super tranquilo espaçoso e super fácil e perto para ir para manhattan bramamos muito,270,46,pt
52906284,856539160093232700,2023-03-27,686575,Martin,bolig med god plads og hyggelig gårdhave tæt på metro og anbefalinger af gode restauranter meget hjælpsomme værtspar lækkert master bedroom gode køkken faciliteter og virkelig spændende nabolag,193,28,tr
20480983,910226118346616418,2023-06-09,76538831,Ca,der check in hat problemlos geklappt wir wurden freundlich von eric begrüßt brdie wohnung hätte bei unserer ankunft leider etwas sauberer sein können ansonsten haben wir uns aber sehr wohl gefühlt die küche ist gut ausgestattet und dank der vorhandenen klimaanlage waren auch die warmen tage in der dachgeschosswohnung gut aushaltbar ein großer supermarkt ist in der nähe und auch die ubahn die einen in ca 25 min nach manhattan bringt liegt nur 5 gehminuten von der wohnung entfernt,483,79,de
4666584,879748869463058787,2023-04-28,7857923,Evelyne Et Fabrice,logement conforme à la description propre et bien situé,55,9,fr
38996102,866013156819006984,2023-04-09,474766481,Sergio,acogedora y comoda la unica pega la calefaccion fallo tres de los seis dias ,76,15,es
53294652,892087383851400017,2023-05-15,62446532,Richard,terry was een superhost ze was heel vriendelijk proactief en reageerde snel op het moment dat ik een berichtje stuurdebrbij een volgend bezoek aan new york zou ik hier zeker weer terugkeren,189,32,nl
741730313598556488,944911933995487695,2023-07-27,22258346,Ben,hampton inn,11,2,ur
39861059,966009126593018896,2023-08-25,529414316,Alina_liu,第一次通过爱彼迎订房开始还担心办理入住问题和房东咨询流程后就确定订了办理入住一切顺利房子不大有个小阳台是亮点位置靠近韩国街吃饭出行都很方便我住的屋子浴室水龙头出水有点间歇性的断洗澡没那么舒服共享健身房在马路对面里面设施比较简单需要注册app有点麻烦整体来说体验还行,132,1,zh
28368678,998565470293186337,2023-10-09,55590151,Elodie,nous avons passé 7 jours au sein de cette maison brmaison propre soignée chaleureuse cuisine à disposition ainsi quune buanderie cétait parfait autour de la maison une supérette très pratique pour faire ses courses de tous les jours les métros sont à 5 minutes à pied brallen et ann sont des personnes formidables et très attachantes disponible ils nous ont donné des conseils sur quoi voir ou bien où trouver un endroit où bruncher ann nous sert un petit déjeuner tous les matins avec une grande sympathie les lits sont confortables la salle de bain est propre une vraie maison américaine dur de partir sans lâcher une petite larme nous vous recommandons cet endroit ,668,115,fr
610424024716164801,924618409177983737,2023-06-29,424450635,Montserrath,excelente ubicación ,20,3,es
7311541,966641618667538843,2023-08-26,531909258,Dan,房东很负责任沟通顺畅回答很迅速房子干净整洁,21,1,zh
613528,1000090462327837692,2023-10-11,179780157,Heike,der aufenthalt war super das apartment war sehr gut ausgestattet für zwei personen ideale schlafmöglichkeiten die lage ist super man ist in 20 minuten im zentrum,161,26,de
21899575,861652014660342895,2023-04-03,90231432,Maslina,все понравилось фото соответствуют действительности,51,5,ru
47179119,876046984915853519,2023-04-23,139702249,Laurent,bel appartementadapte pour une famille de 4 la salle de bain partagée na posé aucun problème très propre proche petits commerces et métro dans quartier calme hôte très réactive si besoin,186,31,fr
651497507012443462,934069593339404916,2023-07-12,257833261,Justine,le logement est confortable et proprebrsandra et sa famille sont très souriants et aimables brbonne expérience fidèle à la description ,135,21,fr
50702408,839858710226306347,2023-03-04,486186957,Luciano,buen lugar,10,2,es
37594699,956561428053649673,2023-08-12,221865650,Rebecca,cet endroit était juste magique pour votre famille de 5 personnes visitant new york a une heure en transports publics de manhattan nous avions un appartement cosy et confortable pour un retour au calme apprecié en soirée facile daccès et très calme,248,42,fr
18629154,931884262925859672,2023-07-09,190797918,Flávio,thomas foi extremamente atencioso cuidadoso e gentil espaço adequado para duas pessoas excelentes instalações sugestão mais talheres seriam bem vindos voltaríamos e recomendaríamos aos amigos sem dúvida,202,27,pt
825247324039186969,903610147708486835,2023-05-31,69470275,Ellen,we hebben een hele toffe ontvangst gehad en ons verblijf was goed,65,12,nl
27585318,837727015783118194,2023-03-01,209357084,Antonia,die unterkünfte waren für new york echt preiswert und sehr gut die subway angebunden ich habe mich in beiden gegenden in queens sehr wohl gefühlt auch als ich mich mit einem mitbewohner unwohl gefühlt habe weil er sich übergriffig verhalten hat war sie sehr verständnisvoll und hat mir geholfen schnell in eine ihrer anderen wohnungen umzuziehen das war für mich in dem moment wirklich eine große erleichterung und hilfe vielen dank für die gute zeit,450,75,de
33038705,1048580972304134428,2023-12-17,106965475,Jessica,un lugar muy limpio seguro el baño no se comparte con nadie yasser es muy buen anfitrión siempre a estuvo al pendiente,118,22,es
726691054073114790,818145672397893746,2023-02-02,321999504,Hector,todo muy acogedor como siempre,30,5,es
2678075,794999949120969415,2023-01-01,119273435,Stéphane,lappartement est agréable ambiance chaleureuse la literie est excellente bonne situation dans brooklyn avec 2 métros proches 10 mn je conseille pour vivre tranquillement dans brooklyn à 40 minutes de manhattan branita etait hyper reactive via la messagerie car cétait la période entre noël et jour de lan elle était en vacances,327,52,fr
575410155636588388,942078480146341851,2023-07-23,471443488,Gaëlle,annie et victor sont tres sympathiques et accueillants l appartement est superbe et fonctionnel merci pour ce superbe séjour chez vous,134,21,fr
51619634,821082641997898908,2023-02-06,130063695,Aristée,excellent rapport qualitéprix le placement est idéal vous êtes directement dans le centre ville patisseries et boissons gratuites le matin malheureusement ce nétait pas indiqué plus tôt et je ne lai su quà la moitié de mon voyagebrje recommande,244,39,fr
35896695,802266814504144139,2023-01-11,21633292,Anthony,michael est un hôte exceptionnel très à lécoute très disponible et avec de belles valeurs,89,15,fr
53050810,797833072814538141,2023-01-05,123048469,Jessica,el lugar es justo como se describe por es justo por el precio creo que es para 3 personas máximo hay algunas cosas por mejorar puertas y lugares para guardar ropa pero el barrio es muy tranquilo y cerca hay muchos lugares caminando alquilamos carro y había parqueo en las calles cercanas,287,52,es
35235326,895676821171220389,2023-05-20,109414823,Julia,tolle unterkunft wir haben uns sehr wohlgefühlt ,48,8,de
627897706345600965,887692414420710699,2023-05-09,506159844,Fabiola,muy buena,9,2,es
32171100,1023975076896413165,2023-11-13,400552034,Florence,excellent séjour chez joséphina nous étions comme à la maisonjosephina en oublie presque quelle est chez elleagréablesouriantedisponiblegénéreuseappartement très propre et conforme à la description quartier surenous recommandons sans hésiter de passer un séjour dans son agréable appartement,291,37,fr
48430489,889896747854546402,2023-05-12,193678575,Stib,gina y su perrito fueron muy especiales y amables desde el primer contacto cómo huésped anterior de había ido antes me dejó llegar antes de la hora de llegada lo cual fue bueno para mí ya que venía de un vuelo largo me ayudó a ubicarme cuando llegue me dió todas las instrucciones de la casa muy rico tu café de puerto rico no olvidare tu hospitalidad espero volver a ny y obviamente a la casa de gina y su perrito,414,81,es
50359042,901426919308490718,2023-05-28,1901791,Marcel,alles wie beschrieben sehr gute kommunikation und wir konnten unser gepäck nach dem check out bis zum abend noch da lassen sehr guter ausgangspunkt man ist mir der ubahn schnell überall wir haben den tag meistens im domino park begonnen und beendet von dort herrlicher blick auf die skyline zur ubahn läuft man schon ein wenig aber noch okay,341,59,de
771780727594397330,879693625007261580,2023-04-28,386906385,Adam,parfait,7,1,fr
35186258,840661258243695429,2023-03-05,241192374,Sophia,adriana en todo momento amable la estancia fue muy buena bien ubicado tienes todo cerca el ambiente amplio y tiene todo lo que puedas necesitar para sentirte comoda gracias adriana,180,30,es
37122502,970298318381484387,2023-08-31,515846670,Ana Maria,hotel molt recomanable per una estada duna setmana té nevera i microones a lhabitació vistes fantàstiques del sky line de manhattan des del terrat comunitari que a més té taules i cadires és fantàstic per soparhibrestà molt ben comunicat i molt proper a little italy china town i soho,284,49,es
585421591267602334,926792713184724942,2023-07-02,159314528,Thibault,nous recommandons vivement le logement de kieu a notre arrivée tout était conforme à nos attentes propre accueillant bien rangé et avec tout léquipement nécessairebrle quartier de brooklyn est sympathique et nous pouvions accéder en 10min à divers lignes de métros nous menant sur manathan et les autres quartiers de new yorkbrvous devez néanmoins prendre en compte que votre séjour pourra dépendre de la cohabitation avec les autres locataires présents lumière du couloir visible depuis la chambre bruit propreté dans la salle de bain etc,539,85,fr
34641992,946378896739058869,2023-07-29,14038877,Adriana,clara a été parfaite ce duplex pour notre famille de 5 personnes était adapté lumineux propre grand pour new york et proche du métro bref un séjour inoubliable,159,28,fr
49834604,957319006921486316,2023-08-13,258527778,Signe Møller,luis er venlig og imødekommende og hjælper gerne med alt omkring boligen som i øvrigt var virkelig god desuden var luis sød til at give lokale tips vi var ikke vilde med området som for os virkede lidt utrygt og der var mange rotter men det må være en smagssag alt i alt et godt ophold hos luis,294,58,tr
753584699878284731,992799793884538372,2023-10-01,116581388,Ines,sehr gepflegte wohnung wir waren zu dritt dort und hatten ausreichend platz schöne räume großes wohnzimmer mit küche und essbereich auch falls man fernsehen möchte hätte man angebot von disney plus netflix usw öffentlich ist die wohnung gut angebunden die nächste metro ist nur ein paar minuten entfernt die lage war gut lediglich die nachbarn hat man ab und zu etwas gehört vermutlich durchs angrenzende stiegenhaus bzw der angrenzenden straße allgemein war die wohnung hell und der aufenthalt hat uns gut gefallen,515,82,de
51691286,870322173173932022,2023-04-15,60548565,Michelle,todo muy limpio en buenas condiciones fácil y rápido acceso la accesibilidad del apt es perfecta el área es muy buena y tiene de todo fue una gran elección este airbnb y la amabilidad de cris la distingue,204,38,es
837666970450706079,952221991927711005,2023-08-06,417826039,Juan Sebastián,la estadía en marie carmel fue muy buena es una persona cordial y atenta en todas las necesidades,97,18,es
695135968242041566,963839709543564788,2023-08-22,59542795,Peggy,房源距離地鐵走路大約10來分鐘鬧中取靜適合疲憊身心放鬆的地方br房東為人和善給予住宿期間很多的彈性和方便值得推薦,56,1,zh
781954441500424897,881850677959990707,2023-05-01,47331879,Matteo,la struttura si trova nel cuore del upper west side e dista realmente meno di 10 minuti a piedi da central park il condominio necessiterebbe di una rinfrescata sia nelle parti comuni sia nella stanza che viene affittata come da foto e da descrizione la camera è composta da un letto confortevole un piccolo frigorifero la macchina del caffè e il bagno con doccia ricordo che questi si trova fuori dalla stanzabrlhost è disponibile e simpatico e il prezzo davvero ottimo per la zona devo però precisare che per fare il check in è meglio chiamare al numero che verrà fornito dopo la prenotazione non si trova nessuna scatola con le chiavi fuori dal portone e che in stanza è presente un forte odore di muffa,705,126,it
13827959,973164676367822193,2023-09-04,198398482,Jessica,la ubicación con facil acceso tienes de todo en el camino estacion del tren super cerca me quedaría de nuevo judy atenta a todo,127,24,es
781375615513612622,894895765670091612,2023-05-19,182250612,Alfredo,camilo y especialmente su madre fueron muy amables lo agradecemos el alojamiento tenía algunas cosas mejorables ya las comenté con él directamente camilo intentó solucionarlas durante la estancia pero no fue posible resolverlas todas por ese motivo considero que el precio pagado no se corresponde con la calidad del alojamiento aunque sea similar al de otras ofertas airbnb espero que estén resueltas para los próximos visitantes,430,66,es
47197021,986245425538899078,2023-09-22,90859703,Paola,buena ubicacion muy tranquilo cerca de supermercados y la estacion del metro no tuvimos comunicacion con el anfitrion sin embargo no hubo ningun inconveniente todo estuvo perfecto,179,27,es
6124097,949271383462487500,2023-08-02,12142476,Marieke,een fantastische locatie voor een verblijf in new york zowel de wijk chelsea als het appartement ademen een sfeer uit waar je heel erg blij van wordt een city trip vraagt veel van je energie heerlijk om je batterij weer op te laden in dit geweldige appartement op een top locatie en maar een paar stappen verwijderd van de metro,328,60,nl
41289512,821814833970060353,2023-02-07,178493165,João Victor,ótima localização ponto estratégico facilidade no checkin e checkout o espaço estava como na foto contras banheiro muito pequeno acomodação muito compacta no geral não acomoda bem 7 pessoas encontrei certa dificuldade com estacionamento o que é normal em toda ny fui incomodado toda a noite com algo batendo na parede do lado de fora da janela como se os andaimes da rua se chocassem com a parede devido ao vento,412,71,pt
3989564,966756044510220474,2023-08-26,491898572,Aubin,très bon séjourbrquartier calmebrbien situé à quelques minutes du métrobrligne de métro direct vers manhattan 20 mn ou laéroport jfkbraccès privatif au logement pratique avec la serrure à codebrmaison dépoque donc avec quelques transmission de bruits de pas au plafond pour les personnes avec le sommeil légerbrarielle est toujours à lécoute et réactivebrje recommande,368,54,fr
956116282739680488,1045057258675730625,2023-12-12,211697298,Katia,super séjour logement proche du métro à 2 minutes ligne r quartier calme shopping restos logement top avec accès netflix balcon bonne literie je recommande fortement excellent rapport qualité prix pour visiter new york nhésitez pas,231,36,fr
552836837466430326,879678508946964255,2023-04-28,96328100,Lina,excelente experiência o lugar é impecável e raísa é uma ótima host com certeza voltaria excellent experience the place is perfect and raísa is a great host id go back,166,30,pt
42689810,913786666055436744,2023-06-14,116020293,Georg,es war insgesamt super ich kann diese unterkunft jedem new york besucher jederzeit empfehlen und würde jederzeit wiederkommenbrgrüße george kemlein sons,152,21,de
53588172,945639385396579816,2023-07-28,524085140,Marie-Josee,logement tres bien situé petit mais avec le nécessaire internet nest pas inclus les bagages consignés non plus stationnements environnants dispendieux,150,21,fr
30686973,877500155128920820,2023-04-25,62109865,Wiebke,meine freundin und ich haben drei wochen bei linda verbracht und haben uns von anfang an sehr wohl gefühlt linda ist eine charmante humorvolle perfekte gastgeberin alle hausbewohnerinnen sind sehr freundlich das ganze haus hat ein außergewöhnliches flair und ist voller kunst handwerk literatur und geschichten und mit großer sorgfalt unterhalten eine sehr besondere gelegenheit new york kennen zu lernen danke linda,416,62,de
50014718,894953761532249667,2023-05-19,67970816,Chloé,super séjour dune semaine dans le logement de stephen près du métro et de manhattan il y a juste à côté un super marché cest très pratique brle logement est encore mieux que sur les photos et super chill brnous navons pas senti que stephen habitait en dessous brstephen est tres réactif brlappartement est également très bien équipé brle quartier est plutôt safe malgré quà nyc il faut toujours rester vigilant brun grand merci brje recommande ce logement et reviendrais avec plaisir,483,82,fr
54508,992082308897930498,2023-09-30,473038364,Alberto,la ubicación está céntrica hay varios restaurantes cerca del lugar también está cerca el metro y plazas al igual que el museo y la biblioteca de brooklyn kathleen es muy amable y comunicativa fue muy agradable haberme alojado en su estancia,240,41,es
587998817752597445,973256612384936986,2023-09-04,107498375,Christian,ok,2,1,sw
